Country,Year,Source,RankPct,RankCount,RankMean,RankMedian
Argentina,2014,ARWU,1.0,1,181.0,181.0
Argentina,2014,QS,2.0,8,382.0,407.0
Argentina,2015,ARWU,1.0,1,185.0,185.0
Argentina,2015,QS,2.0,8,402.0,446.0
Argentina,2016,ARWU,1.0,1,187.0,187.0
Argentina,2016,QS,2.0,9,353.0,402.0
Argentina,2017,ARWU,1.0,1,197.0,197.0
Argentina,2017,QS,2.0,8,352.0,378.0
Argentina,2018,ARWU,0.0,1,216.0,216.0
Argentina,2018,QS,1.0,5,319.0,354.0
Argentina,2019,ARWU,0.0,1,216.0,216.0
Argentina,2019,QS,1.0,5,331.0,379.0
Argentina,2020,ARWU,0.0,1,234.0,234.0
Argentina,2020,QS,1.0,5,336.0,394.0
Argentina,2021,ARWU,0.0,1,262.0,262.0
Argentina,2021,QS,1.0,5,346.0,389.0
Argentina,2022,ARWU,0.0,1,268.0,268.0
Argentina,2022,QS,1.0,5,331.0,393.0
Australia,2014,ARWU,4.0,19,258.0,325.0
Australia,2014,QS,5.0,23,251.0,285.0
Australia,2014,THE,5.0,19,233.0,284.0
Australia,2015,ARWU,5.0,19,243.0,303.0
Australia,2015,QS,4.0,19,209.0,264.0
Australia,2015,THE,5.0,20,229.0,266.0
Australia,2016,ARWU,4.0,20,247.0,267.0
Australia,2016,QS,4.0,19,200.0,226.0
Australia,2016,THE,6.0,27,259.0,284.0
Australia,2017,ARWU,5.0,23,241.0,280.0
Australia,2017,QS,4.0,22,232.0,252.0
Australia,2017,THE,6.0,29,265.0,277.0
Australia,2018,ARWU,5.0,23,237.0,256.0
Australia,2018,QS,5.0,22,207.0,240.0
Australia,2018,THE,6.0,29,265.0,285.0
Australia,2019,ARWU,5.0,23,233.0,249.0
Australia,2019,QS,5.0,24,228.0,256.0
Australia,2019,THE,6.0,28,256.0,256.0
Australia,2020,ARWU,5.0,23,229.0,260.0
Australia,2020,QS,5.0,26,240.0,242.0
Australia,2020,THE,6.0,30,247.0,250.0
Australia,2021,ARWU,5.0,23,221.0,237.0
Australia,2021,QS,5.0,26,239.0,226.0
Australia,2021,THE,6.0,28,221.0,232.0
Australia,2022,ARWU,5.0,24,226.0,238.0
Australia,2022,QS,5.0,26,228.0,204.0
Australia,2022,THE,7.0,29,220.0,237.0
Austria,2014,ARWU,1.0,7,354.0,411.0
Austria,2014,QS,1.0,4,283.0,283.0
Austria,2014,THE,2.0,6,273.0,254.0
Austria,2015,ARWU,1.0,6,333.0,328.0
Austria,2015,QS,1.0,4,292.0,274.0
Austria,2015,THE,1.0,5,252.0,240.0
Austria,2016,ARWU,1.0,6,331.0,340.0
Austria,2016,QS,1.0,4,293.0,264.0
Austria,2016,THE,1.0,7,319.0,307.0
Austria,2017,ARWU,1.0,5,302.0,219.0
Austria,2017,QS,1.0,3,229.0,212.0
Austria,2017,THE,1.0,6,351.0,349.0
Austria,2018,ARWU,1.0,4,251.0,212.0
Austria,2018,QS,1.0,4,282.0,246.0
Austria,2018,THE,1.0,7,325.0,310.0
Austria,2019,ARWU,1.0,6,322.0,288.0
Austria,2019,QS,1.0,6,287.0,248.0
Austria,2019,THE,1.0,6,288.0,268.0
Austria,2020,ARWU,1.0,6,317.0,294.0
Austria,2020,QS,1.0,6,263.0,242.0
Austria,2020,THE,2.0,7,281.0,276.0
Austria,2021,ARWU,1.0,7,336.0,346.0
Austria,2021,QS,2.0,6,279.0,280.0
Austria,2021,THE,2.0,7,276.0,218.0
Austria,2022,ARWU,1.0,7,344.0,363.0
Austria,2022,QS,1.0,5,251.0,281.0
Austria,2022,THE,2.0,7,293.0,213.0
Bahrain,2015,QS,0.0,1,436.0,436.0
Bahrain,2016,QS,0.0,1,398.0,398.0
Bahrain,2017,QS,0.0,1,399.0,399.0
Bahrain,2018,QS,0.0,1,386.0,386.0
Belarus,2017,QS,0.0,1,454.0,454.0
Belarus,2018,QS,0.0,1,319.0,319.0
Belarus,2019,QS,0.0,1,363.0,363.0
Belarus,2020,QS,0.0,1,359.0,359.0
Belarus,2021,QS,0.0,1,328.0,328.0
Belarus,2022,QS,0.0,1,298.0,298.0
Belgium,2014,ARWU,2.0,7,197.0,149.0
Belgium,2014,QS,3.0,7,161.0,171.0
Belgium,2014,THE,2.0,7,181.0,172.0
Belgium,2015,ARWU,2.0,7,187.0,142.0
Belgium,2015,QS,3.0,7,174.0,177.0
Belgium,2015,THE,2.0,7,204.0,172.0
Belgium,2016,ARWU,2.0,7,189.0,159.0
Belgium,2016,QS,2.0,7,204.0,194.0
Belgium,2016,THE,2.0,7,212.0,190.0
Belgium,2017,ARWU,2.0,7,197.0,174.0
Belgium,2017,QS,2.0,7,203.0,197.0
Belgium,2017,THE,2.0,8,221.0,203.0
Belgium,2018,ARWU,2.0,7,195.0,164.0
Belgium,2018,QS,2.0,8,234.0,186.0
Belgium,2018,THE,2.0,8,223.0,191.0
Belgium,2019,ARWU,2.0,7,206.0,172.0
Belgium,2019,QS,2.0,7,210.0,194.0
Belgium,2019,THE,2.0,8,219.0,216.0
Belgium,2020,ARWU,2.0,7,189.0,178.0
Belgium,2020,QS,2.0,7,217.0,201.0
Belgium,2020,THE,2.0,8,212.0,214.0
Belgium,2021,ARWU,2.0,7,199.0,175.0
Belgium,2021,QS,2.0,8,258.0,227.0
Belgium,2021,THE,2.0,8,210.0,192.0
Belgium,2022,ARWU,2.0,7,199.0,191.0
Belgium,2022,QS,2.0,8,252.0,215.0
Belgium,2022,THE,2.0,8,214.0,184.0
Brazil,2014,ARWU,1.0,6,315.0,336.0
Brazil,2014,QS,1.0,5,310.0,293.0
Brazil,2014,THE,1.0,2,278.0,278.0
Brazil,2015,ARWU,1.0,6,329.0,355.0
Brazil,2015,QS,1.0,7,349.0,424.0
Brazil,2015,THE,1.0,2,279.0,279.0
Brazil,2016,ARWU,1.0,6,339.0,376.0
Brazil,2016,QS,2.0,8,378.0,412.0
Brazil,2016,THE,1.0,2,300.0,300.0
Brazil,2017,ARWU,1.0,6,350.0,370.0
Brazil,2017,QS,1.0,6,356.0,420.0
Brazil,2017,THE,0.0,2,344.0,344.0
Brazil,2018,ARWU,1.0,6,375.0,395.0
Brazil,2018,QS,1.0,4,284.0,288.0
Brazil,2018,THE,0.0,2,371.0,371.0
Brazil,2019,ARWU,1.0,6,368.0,384.0
Brazil,2019,QS,1.0,4,294.0,291.0
Brazil,2019,THE,0.0,2,380.0,380.0
Brazil,2020,ARWU,1.0,6,362.0,390.0
Brazil,2020,QS,1.0,5,329.0,366.0
Brazil,2020,THE,0.0,1,267.0,267.0
Brazil,2021,ARWU,1.0,6,358.0,372.0
Brazil,2021,QS,1.0,4,296.0,316.0
Brazil,2021,THE,0.0,2,339.0,339.0
Brazil,2022,ARWU,1.0,6,351.0,362.0
Brazil,2022,QS,1.0,5,328.0,371.0
Brazil,2022,THE,0.0,2,348.0,348.0
Brunei Darussalam,2018,QS,0.0,1,361.0,361.0
Brunei Darussalam,2019,QS,0.0,2,392.0,392.0
Brunei Darussalam,2020,QS,1.0,2,349.0,349.0
Brunei Darussalam,2020,THE,0.0,1,403.0,403.0
Brunei Darussalam,2021,QS,1.0,2,312.0,312.0
Brunei Darussalam,2021,THE,0.0,1,377.0,377.0
Brunei Darussalam,2022,QS,1.0,2,298.0,298.0
Brunei Darussalam,2022,THE,0.0,1,366.0,366.0
Canada,2014,ARWU,5.0,23,252.0,253.0
Canada,2014,QS,4.0,21,256.0,232.0
Canada,2014,THE,5.0,19,195.0,217.0
Canada,2015,ARWU,4.0,21,243.0,265.0
Canada,2015,QS,4.0,19,223.0,194.0
Canada,2015,THE,6.0,18,183.0,232.0
Canada,2016,ARWU,4.0,20,234.0,274.0
Canada,2016,QS,4.0,18,224.0,206.0
Canada,2016,THE,4.0,21,239.0,238.0
Canada,2017,ARWU,4.0,19,239.0,229.0
Canada,2017,QS,4.0,18,243.0,216.0
Canada,2017,THE,4.0,20,231.0,244.0
Canada,2018,ARWU,4.0,19,240.0,257.0
Canada,2018,QS,4.0,18,241.0,220.0
Canada,2018,THE,4.0,18,220.0,224.0
Canada,2019,ARWU,5.0,18,217.0,225.0
Canada,2019,QS,4.0,18,250.0,244.0
Canada,2019,THE,4.0,18,219.0,224.0
Canada,2020,ARWU,5.0,18,227.0,230.0
Canada,2020,QS,4.0,17,237.0,242.0
Canada,2020,THE,4.0,18,221.0,226.0
Canada,2021,ARWU,5.0,19,233.0,253.0
Canada,2021,QS,3.0,17,241.0,255.0
Canada,2021,THE,4.0,18,218.0,218.0
Canada,2022,ARWU,4.0,20,249.0,251.0
Canada,2022,QS,3.0,16,206.0,201.0
Canada,2022,THE,4.0,17,200.0,210.0
Chile,2014,ARWU,0.0,2,420.0,420.0
Chile,2014,QS,1.0,3,273.0,228.0
Chile,2015,ARWU,0.0,2,442.0,442.0
Chile,2015,QS,1.0,4,329.0,323.0
Chile,2015,THE,0.0,1,259.0,259.0
Chile,2016,ARWU,0.0,2,421.0,421.0
Chile,2016,QS,1.0,3,278.0,241.0
Chile,2016,THE,0.0,2,446.0,446.0
Chile,2017,ARWU,0.0,1,399.0,399.0
Chile,2017,QS,1.0,3,265.0,234.0
Chile,2017,THE,0.0,1,491.0,491.0
Chile,2018,ARWU,0.0,2,441.0,441.0
Chile,2018,QS,1.0,3,258.0,229.0
Chile,2019,ARWU,0.0,2,441.0,441.0
Chile,2019,QS,1.0,2,178.0,178.0
Chile,2019,THE,0.0,2,464.0,464.0
Chile,2020,ARWU,0.0,1,415.0,415.0
Chile,2020,QS,1.0,3,276.0,196.0
Chile,2020,THE,0.0,2,440.0,440.0
Chile,2021,ARWU,0.0,1,465.0,465.0
Chile,2021,QS,1.0,2,154.0,154.0
Chile,2021,THE,0.0,2,454.0,454.0
Chile,2022,ARWU,0.0,1,492.0,492.0
Chile,2022,QS,1.0,3,269.0,185.0
Chile,2022,THE,0.0,1,441.0,441.0
China,2014,ARWU,6.0,28,356.0,368.0
China,2014,QS,3.0,15,263.0,258.0
China,2014,THE,3.0,10,240.0,257.0
China,2015,ARWU,7.0,32,320.0,340.0
China,2015,QS,3.0,13,214.0,164.0
China,2015,THE,3.0,11,251.0,296.0
China,2016,ARWU,7.0,32,299.0,315.0
China,2016,QS,4.0,20,260.0,274.0
China,2016,THE,2.0,10,282.0,283.0
China,2017,ARWU,8.0,41,305.0,327.0
China,2017,QS,5.0,19,228.0,272.0
China,2017,THE,2.0,12,281.0,226.0
China,2018,ARWU,9.0,45,313.0,327.0
China,2018,QS,4.0,17,235.0,280.0
China,2018,THE,2.0,12,255.0,184.0
China,2019,ARWU,10.0,51,308.0,325.0
China,2019,QS,4.0,20,267.0,300.0
China,2019,THE,3.0,14,238.0,256.0
China,2020,ARWU,12.0,58,299.0,310.0
China,2020,QS,5.0,24,296.0,306.0
China,2020,THE,4.0,17,261.0,316.0
China,2021,ARWU,14.0,71,298.0,336.0
China,2021,QS,5.0,24,281.0,301.0
China,2021,THE,4.0,22,282.0,320.0
China,2022,ARWU,14.0,72,287.0,323.0
China,2022,QS,6.0,26,268.0,285.0
China,2022,THE,5.0,24,265.0,308.0
Colombia,2014,QS,1.0,3,325.0,335.0
Colombia,2014,THE,0.0,1,263.0,263.0
Colombia,2015,QS,1.0,4,352.0,340.0
Colombia,2015,THE,0.0,1,261.0,261.0
Colombia,2016,QS,1.0,4,333.0,330.0
Colombia,2017,QS,1.0,5,360.0,373.0
Colombia,2018,QS,1.0,4,332.0,332.0
Colombia,2019,QS,1.0,3,328.0,284.0
Colombia,2020,QS,1.0,4,370.0,371.0
Colombia,2020,THE,0.0,1,436.0,436.0
Colombia,2021,QS,1.0,3,314.0,268.0
Colombia,2021,THE,0.0,1,441.0,441.0
Colombia,2022,QS,1.0,3,304.0,260.0
Costa Rica,2014,QS,0.0,1,439.0,439.0
Costa Rica,2015,QS,0.0,1,413.0,413.0
Costa Rica,2016,QS,0.0,1,437.0,437.0
Costa Rica,2017,QS,0.0,1,360.0,360.0
Costa Rica,2018,QS,0.0,1,336.0,336.0
Croatia,2014,ARWU,0.0,1,490.0,490.0
Croatia,2017,ARWU,0.0,1,436.0,436.0
Croatia,2020,ARWU,0.0,1,460.0,460.0
Croatia,2021,ARWU,0.0,1,489.0,489.0
Cyprus,2016,THE,0.0,1,366.0,366.0
Cyprus,2017,THE,0.0,2,400.0,400.0
Cyprus,2018,THE,0.0,2,383.0,383.0
Cyprus,2019,THE,1.0,2,374.0,374.0
Cyprus,2020,THE,0.0,2,390.0,390.0
Cyprus,2021,QS,0.0,1,491.0,491.0
Cyprus,2021,THE,0.0,1,323.0,323.0
Cyprus,2022,QS,0.0,1,440.0,440.0
Cyprus,2022,THE,0.0,1,490.0,490.0
Czechia,2014,ARWU,0.0,1,257.0,257.0
Czechia,2014,QS,0.0,1,240.0,240.0
Czechia,2014,THE,0.0,1,360.0,360.0
Czechia,2015,ARWU,0.0,1,272.0,272.0
Czechia,2015,QS,0.0,2,356.0,356.0
Czechia,2015,THE,0.0,1,330.0,330.0
Czechia,2016,ARWU,0.0,1,287.0,287.0
Czechia,2016,QS,0.0,2,343.0,343.0
Czechia,2016,THE,1.0,3,428.0,450.0
Czechia,2017,ARWU,0.0,1,214.0,214.0
Czechia,2017,QS,0.0,1,284.0,284.0
Czechia,2017,THE,0.0,1,423.0,423.0
Czechia,2018,ARWU,0.0,1,223.0,223.0
Czechia,2018,QS,0.0,1,303.0,303.0
Czechia,2018,THE,0.0,1,451.0,451.0
Czechia,2019,ARWU,0.0,1,231.0,231.0
Czechia,2019,QS,0.0,1,326.0,326.0
Czechia,2019,THE,0.0,1,460.0,460.0
Czechia,2020,ARWU,0.0,1,268.0,268.0
Czechia,2020,QS,1.0,2,332.0,332.0
Czechia,2020,THE,0.0,1,496.0,496.0
Czechia,2021,ARWU,0.0,1,283.0,283.0
Czechia,2021,QS,1.0,3,357.0,354.0
Czechia,2021,THE,0.0,1,487.0,487.0
Czechia,2022,ARWU,0.0,1,290.0,290.0
Czechia,2022,QS,1.0,3,349.0,375.0
Denmark,2014,ARWU,1.0,4,142.0,120.0
Denmark,2014,QS,1.0,6,228.0,228.0
Denmark,2014,THE,1.0,5,208.0,150.0
Denmark,2015,ARWU,1.0,5,205.0,145.0
Denmark,2015,QS,1.0,6,229.0,222.0
Denmark,2015,THE,1.0,5,225.0,161.0
Denmark,2016,ARWU,1.0,5,188.0,143.0
Denmark,2016,QS,1.0,5,198.0,104.0
Denmark,2016,THE,2.0,6,194.0,207.0
Denmark,2017,ARWU,2.0,5,165.0,160.0
Denmark,2017,QS,1.0,5,220.0,117.0
Denmark,2017,THE,2.0,6,198.0,201.0
Denmark,2018,ARWU,1.0,5,184.0,163.0
Denmark,2018,QS,1.0,6,271.0,263.0
Denmark,2018,THE,1.0,7,227.0,213.0
Denmark,2019,ARWU,2.0,5,162.0,153.0
Denmark,2019,QS,1.0,5,216.0,147.0
Denmark,2019,THE,2.0,6,186.0,180.0
Denmark,2020,ARWU,2.0,5,167.0,141.0
Denmark,2020,QS,1.0,5,212.0,149.0
Denmark,2020,THE,2.0,6,189.0,196.0
Denmark,2021,ARWU,2.0,5,177.0,165.0
Denmark,2021,QS,1.0,5,201.0,149.0
Denmark,2021,THE,2.0,6,186.0,204.0
Denmark,2022,ARWU,1.0,5,181.0,155.0
Denmark,2022,QS,2.0,5,195.0,156.0
Denmark,2022,THE,2.0,6,195.0,213.0
Egypt,2014,ARWU,0.0,1,431.0,431.0
Egypt,2014,QS,0.0,2,407.0,407.0
Egypt,2015,ARWU,0.0,1,436.0,436.0
Egypt,2015,QS,0.0,2,404.0,404.0
Egypt,2016,ARWU,0.0,1,416.0,416.0
Egypt,2016,QS,0.0,2,346.0,346.0
Egypt,2017,ARWU,0.0,1,425.0,425.0
Egypt,2017,QS,0.0,2,390.0,390.0
Egypt,2018,ARWU,0.0,1,427.0,427.0
Egypt,2018,QS,0.0,2,370.0,370.0
Egypt,2019,ARWU,0.0,1,425.0,425.0
Egypt,2019,QS,0.0,1,429.0,429.0
Egypt,2020,ARWU,0.0,1,360.0,360.0
Egypt,2020,QS,0.0,1,404.0,404.0
Egypt,2020,THE,0.0,2,470.0,470.0
Egypt,2021,ARWU,0.0,1,453.0,453.0
Egypt,2021,QS,0.0,1,424.0,424.0
Egypt,2021,THE,0.0,2,476.0,476.0
Egypt,2022,ARWU,0.0,1,415.0,415.0
Egypt,2022,QS,0.0,1,445.0,445.0
Egypt,2022,THE,0.0,1,479.0,479.0
Estonia,2014,QS,0.0,1,445.0,445.0
Estonia,2014,THE,0.0,1,389.0,389.0
Estonia,2015,QS,0.0,1,389.0,389.0
Estonia,2016,THE,0.0,1,363.0,363.0
Estonia,2017,ARWU,0.0,1,434.0,434.0
Estonia,2017,QS,0.0,1,345.0,345.0
Estonia,2017,THE,0.0,1,311.0,311.0
Estonia,2018,ARWU,0.0,1,351.0,351.0
Estonia,2018,QS,0.0,1,320.0,320.0
Estonia,2018,THE,0.0,1,309.0,309.0
Estonia,2019,ARWU,0.0,1,342.0,342.0
Estonia,2019,QS,0.0,1,330.0,330.0
Estonia,2019,THE,0.0,1,335.0,335.0
Estonia,2020,ARWU,0.0,1,314.0,314.0
Estonia,2020,QS,0.0,1,309.0,309.0
Estonia,2020,THE,0.0,1,322.0,322.0
Estonia,2021,ARWU,0.0,1,431.0,431.0
Estonia,2021,QS,0.0,1,294.0,294.0
Estonia,2021,THE,0.0,1,298.0,298.0
Estonia,2022,ARWU,0.0,1,447.0,447.0
Estonia,2022,QS,0.0,1,301.0,301.0
Estonia,2022,THE,0.0,1,268.0,268.0
Ethiopia,2022,THE,0.0,1,450.0,450.0
Finland,2014,ARWU,1.0,5,345.0,374.0
Finland,2014,QS,2.0,8,278.0,278.0
Finland,2014,THE,1.0,5,296.0,343.0
Finland,2015,ARWU,1.0,5,343.0,388.0
Finland,2015,QS,2.0,8,262.0,269.0
Finland,2015,THE,2.0,7,302.0,338.0
Finland,2016,ARWU,1.0,6,360.0,406.0
Finland,2016,QS,2.0,8,338.0,420.0
Finland,2016,THE,2.0,8,333.0,367.0
Finland,2017,ARWU,1.0,5,362.0,423.0
Finland,2017,QS,1.0,7,320.0,357.0
Finland,2017,THE,1.0,7,292.0,297.0
Finland,2018,ARWU,1.0,5,372.0,454.0
Finland,2018,QS,1.0,7,328.0,392.0
Finland,2018,THE,2.0,7,273.0,272.0
Finland,2019,ARWU,1.0,4,291.0,349.0
Finland,2019,QS,1.0,7,307.0,346.0
Finland,2019,THE,2.0,8,310.0,329.0
Finland,2020,ARWU,1.0,5,323.0,376.0
Finland,2020,QS,1.0,6,280.0,324.0
Finland,2020,THE,1.0,6,272.0,290.0
Finland,2021,ARWU,1.0,3,290.0,394.0
Finland,2021,QS,1.0,7,316.0,351.0
Finland,2021,THE,2.0,8,326.0,341.0
Finland,2022,ARWU,1.0,4,316.0,376.0
Finland,2022,QS,2.0,7,299.0,360.0
Finland,2022,THE,2.0,8,296.0,293.0
France,2014,ARWU,5.0,20,224.0,236.0
France,2014,QS,5.0,22,277.0,294.0
France,2014,THE,3.0,11,166.0,156.0
France,2015,ARWU,4.0,21,244.0,254.0
France,2015,QS,4.0,21,278.0,285.0
France,2015,THE,3.0,11,181.0,178.0
France,2016,ARWU,4.0,22,248.0,246.0
France,2016,QS,5.0,24,282.0,280.0
France,2016,THE,4.0,20,285.0,299.0
France,2017,ARWU,4.0,22,253.0,261.0
France,2017,QS,5.0,24,269.0,269.0
France,2017,THE,5.0,24,312.0,326.0
France,2018,ARWU,4.0,20,232.0,210.0
France,2018,QS,5.0,26,297.0,309.0
France,2018,THE,4.0,20,299.0,328.0
France,2019,ARWU,4.0,19,220.0,217.0
France,2019,QS,4.0,19,266.0,272.0
France,2019,THE,4.0,21,313.0,332.0
France,2020,ARWU,4.0,21,240.0,264.0
France,2020,QS,3.0,17,250.0,258.0
France,2020,THE,4.0,20,307.0,339.0
France,2021,ARWU,4.0,17,201.0,206.0
France,2021,QS,4.0,17,254.0,286.0
France,2021,THE,3.0,17,294.0,346.0
France,2022,ARWU,4.0,17,209.0,210.0
France,2022,QS,3.0,11,199.0,246.0
France,2022,THE,4.0,17,302.0,332.0
Germany,2014,ARWU,8.0,38,272.0,272.0
Germany,2014,QS,7.0,36,257.0,265.0
Germany,2014,THE,7.0,26,208.0,224.0
Germany,2015,ARWU,8.0,39,276.0,269.0
Germany,2015,QS,7.0,33,253.0,258.0
Germany,2015,THE,8.0,28,211.0,224.0
Germany,2016,ARWU,8.0,39,280.0,268.0
Germany,2016,QS,6.0,28,249.0,246.0
Germany,2016,THE,9.0,36,189.0,190.0
Germany,2017,ARWU,8.0,38,278.0,276.0
Germany,2017,QS,6.0,30,264.0,246.0
Germany,2017,THE,9.0,39,200.0,188.0
Germany,2018,ARWU,8.0,37,279.0,275.0
Germany,2018,QS,6.0,30,271.0,266.0
Germany,2018,THE,9.0,43,211.0,210.0
Germany,2019,ARWU,8.0,36,271.0,274.0
Germany,2019,QS,6.0,28,253.0,263.0
Germany,2019,THE,9.0,44,217.0,190.0
Germany,2020,ARWU,6.0,30,239.0,220.0
Germany,2020,QS,6.0,29,266.0,268.0
Germany,2020,THE,8.0,40,207.0,180.0
Germany,2021,ARWU,6.0,30,257.0,253.0
Germany,2021,QS,6.0,30,275.0,285.0
Germany,2021,THE,10.0,41,209.0,199.0
Germany,2022,ARWU,6.0,28,245.0,244.0
Germany,2022,QS,6.0,31,283.0,312.0
Germany,2022,THE,9.0,42,221.0,198.0
Ghana,2022,THE,0.0,1,345.0,345.0
Greece,2014,ARWU,1.0,2,340.0,340.0
Greece,2014,QS,0.0,1,425.0,425.0
Greece,2014,THE,0.0,1,325.0,325.0
Greece,2015,ARWU,0.0,2,396.0,396.0
Greece,2015,QS,0.0,1,416.0,416.0
Greece,2015,THE,0.0,1,342.0,342.0
Greece,2016,ARWU,0.0,2,396.0,396.0
Greece,2016,QS,1.0,2,341.0,341.0
Greece,2016,THE,1.0,3,447.0,486.0
Greece,2017,ARWU,0.0,2,372.0,372.0
Greece,2017,QS,0.0,1,377.0,377.0
Greece,2017,THE,0.0,2,422.0,422.0
Greece,2018,ARWU,1.0,3,397.0,426.0
Greece,2018,QS,0.0,1,462.0,462.0
Greece,2018,THE,0.0,1,366.0,366.0
Greece,2019,ARWU,1.0,3,429.0,459.0
Greece,2019,QS,0.0,1,456.0,456.0
Greece,2019,THE,0.0,1,390.0,390.0
Greece,2020,ARWU,0.0,2,440.0,440.0
Greece,2020,QS,0.0,1,464.0,464.0
Greece,2020,THE,0.0,1,375.0,375.0
Greece,2021,ARWU,0.0,1,387.0,387.0
Greece,2021,QS,0.0,1,494.0,494.0
Greece,2021,THE,0.0,2,442.0,442.0
Greece,2022,ARWU,0.0,1,361.0,361.0
Greece,2022,QS,0.0,1,422.0,422.0
Greece,2022,THE,1.0,3,421.0,425.0
Hong Kong,2014,ARWU,2.0,5,258.0,283.0
Hong Kong,2014,QS,2.0,6,110.0,72.0
Hong Kong,2014,THE,2.0,6,165.0,156.0
Hong Kong,2015,ARWU,2.0,5,245.0,273.0
Hong Kong,2015,QS,2.0,6,119.0,78.0
Hong Kong,2015,THE,2.0,6,159.0,160.0
Hong Kong,2016,ARWU,2.0,5,242.0,261.0
Hong Kong,2016,QS,2.0,6,99.0,50.0
Hong Kong,2016,THE,2.0,6,177.0,173.0
Hong Kong,2017,ARWU,1.0,6,280.0,260.0
Hong Kong,2017,QS,2.0,6,102.0,49.0
Hong Kong,2017,THE,2.0,6,146.0,98.0
Hong Kong,2018,ARWU,2.0,5,206.0,224.0
Hong Kong,2018,QS,2.0,6,99.0,46.0
Hong Kong,2018,THE,1.0,6,147.0,89.0
Hong Kong,2019,ARWU,2.0,5,199.0,215.0
Hong Kong,2019,QS,2.0,6,93.0,52.0
Hong Kong,2019,THE,1.0,6,144.0,83.0
Hong Kong,2020,ARWU,2.0,5,198.0,201.0
Hong Kong,2020,QS,2.0,6,86.0,49.0
Hong Kong,2020,THE,1.0,6,148.0,92.0
Hong Kong,2021,ARWU,2.0,5,210.0,207.0
Hong Kong,2021,QS,2.0,6,82.0,46.0
Hong Kong,2021,THE,2.0,6,131.0,92.0
Hong Kong,2022,ARWU,2.0,5,190.0,192.0
Hong Kong,2022,QS,2.0,6,84.0,46.0
Hong Kong,2022,THE,1.0,6,144.0,78.0
Hungary,2014,ARWU,0.0,2,384.0,384.0
Hungary,2015,ARWU,0.0,2,418.0,418.0
Hungary,2016,ARWU,0.0,2,440.0,440.0
Hungary,2017,THE,0.0,1,312.0,312.0
Hungary,2018,THE,0.0,1,493.0,493.0
Hungary,2019,QS,0.0,1,481.0,481.0
Hungary,2019,THE,0.0,1,491.0,491.0
Hungary,2020,THE,0.0,1,458.0,458.0
Hungary,2021,THE,0.0,1,426.0,426.0
Hungary,2022,THE,0.0,1,277.0,277.0
Iceland,2014,THE,0.0,1,270.0,270.0
Iceland,2015,THE,0.0,1,270.0,270.0
Iceland,2016,THE,0.0,1,222.0,222.0
Iceland,2017,THE,0.0,1,245.0,245.0
Iceland,2018,ARWU,0.0,1,485.0,485.0
Iceland,2018,THE,0.0,2,336.0,336.0
Iceland,2019,THE,1.0,2,311.0,311.0
Iceland,2020,ARWU,0.0,1,470.0,470.0
Iceland,2020,THE,1.0,2,351.0,351.0
Iceland,2021,THE,0.0,2,366.0,366.0
Iceland,2022,THE,0.0,2,374.0,374.0
India,2014,ARWU,0.0,1,332.0,332.0
India,2014,QS,2.0,8,328.0,314.0
India,2014,THE,1.0,5,349.0,371.0
India,2015,ARWU,0.0,1,393.0,393.0
India,2015,QS,2.0,7,317.0,331.0
India,2015,THE,1.0,4,336.0,336.0
India,2016,ARWU,0.0,1,385.0,385.0
India,2016,QS,2.0,9,281.0,267.0
India,2016,THE,1.0,4,391.0,406.0
India,2017,ARWU,0.0,1,366.0,366.0
India,2017,QS,2.0,9,295.0,288.0
India,2017,THE,1.0,5,407.0,449.0
India,2018,ARWU,0.0,1,361.0,361.0
India,2018,QS,2.0,8,272.0,285.0
India,2018,THE,1.0,2,322.0,322.0
India,2019,ARWU,0.0,1,491.0,491.0
India,2019,QS,2.0,9,307.0,293.0
India,2019,THE,1.0,5,400.0,425.0
India,2020,ARWU,0.0,1,463.0,463.0
India,2020,QS,2.0,8,286.0,286.0
India,2020,THE,1.0,6,409.0,421.0
India,2021,QS,2.0,8,302.0,306.0
India,2021,THE,1.0,3,378.0,357.0
India,2022,ARWU,0.0,1,488.0,488.0
India,2022,QS,2.0,8,271.0,269.0
India,2022,THE,1.0,4,386.0,374.0
Indonesia,2014,QS,1.0,3,404.0,423.0
Indonesia,2015,QS,1.0,3,395.0,421.0
Indonesia,2016,QS,1.0,3,384.0,379.0
Indonesia,2017,QS,1.0,3,362.0,369.0
Indonesia,2018,QS,1.0,3,306.0,290.0
Indonesia,2019,QS,1.0,3,358.0,369.0
Indonesia,2020,QS,1.0,3,324.0,329.0
Indonesia,2021,QS,1.0,3,301.0,315.0
Indonesia,2022,QS,1.0,4,330.0,300.0
"Iran, Islamic Republic of",2014,ARWU,0.0,1,419.0,419.0
"Iran, Islamic Republic of",2014,THE,0.0,1,271.0,271.0
"Iran, Islamic Republic of",2015,ARWU,0.0,1,307.0,307.0
"Iran, Islamic Republic of",2015,THE,1.0,2,352.0,352.0
"Iran, Islamic Republic of",2016,ARWU,0.0,2,388.0,388.0
"Iran, Islamic Republic of",2016,QS,0.0,1,471.0,471.0
"Iran, Islamic Republic of",2016,THE,0.0,2,478.0,478.0
"Iran, Islamic Republic of",2017,ARWU,0.0,2,410.0,410.0
"Iran, Islamic Republic of",2017,QS,1.0,3,469.0,471.0
"Iran, Islamic Republic of",2018,ARWU,0.0,2,408.0,408.0
"Iran, Islamic Republic of",2018,QS,0.0,2,474.0,474.0
"Iran, Islamic Republic of",2018,THE,0.0,1,333.0,333.0
"Iran, Islamic Republic of",2019,ARWU,0.0,2,410.0,410.0
"Iran, Islamic Republic of",2019,QS,0.0,1,444.0,444.0
"Iran, Islamic Republic of",2019,THE,0.0,1,374.0,374.0
"Iran, Islamic Republic of",2020,ARWU,1.0,3,432.0,448.0
"Iran, Islamic Republic of",2020,QS,0.0,1,416.0,416.0
"Iran, Islamic Republic of",2020,THE,0.0,1,380.0,380.0
"Iran, Islamic Republic of",2021,ARWU,0.0,1,378.0,378.0
"Iran, Islamic Republic of",2021,QS,0.0,2,458.0,458.0
"Iran, Islamic Republic of",2021,THE,1.0,3,391.0,384.0
"Iran, Islamic Republic of",2022,ARWU,0.0,1,394.0,394.0
"Iran, Islamic Republic of",2022,QS,0.0,2,424.0,424.0
"Iran, Islamic Republic of",2022,THE,1.0,4,405.0,381.0
Iraq,2018,QS,0.0,1,424.0,424.0
Ireland,2014,ARWU,1.0,3,303.0,328.0
Ireland,2014,QS,1.0,5,213.0,215.0
Ireland,2014,THE,1.0,5,259.0,287.0
Ireland,2015,ARWU,1.0,3,295.0,287.0
Ireland,2015,QS,1.0,5,222.0,234.0
Ireland,2015,THE,1.0,5,264.0,262.0
Ireland,2016,ARWU,1.0,3,310.0,325.0
Ireland,2016,QS,1.0,5,228.0,196.0
Ireland,2016,THE,2.0,7,290.0,283.0
Ireland,2017,ARWU,1.0,3,303.0,356.0
Ireland,2017,QS,1.0,5,262.0,255.0
Ireland,2017,THE,2.0,7,283.0,247.0
Ireland,2018,ARWU,1.0,3,292.0,322.0
Ireland,2018,QS,1.0,5,256.0,254.0
Ireland,2018,THE,2.0,7,295.0,251.0
Ireland,2019,ARWU,1.0,4,364.0,394.0
Ireland,2019,QS,1.0,5,271.0,269.0
Ireland,2019,THE,1.0,7,293.0,301.0
Ireland,2020,ARWU,1.0,3,300.0,344.0
Ireland,2020,QS,1.0,5,265.0,267.0
Ireland,2020,THE,2.0,6,266.0,273.0
Ireland,2021,ARWU,1.0,3,306.0,322.0
Ireland,2021,QS,1.0,5,256.0,247.0
Ireland,2021,THE,1.0,6,294.0,298.0
Ireland,2022,ARWU,1.0,4,340.0,346.0
Ireland,2022,QS,1.0,5,265.0,261.0
Ireland,2022,THE,1.0,5,247.0,240.0
Israel,2014,ARWU,1.0,7,232.0,138.0
Israel,2014,QS,1.0,5,201.0,186.0
Israel,2014,THE,1.0,3,203.0,199.0
Israel,2015,ARWU,1.0,6,215.0,133.0
Israel,2015,QS,2.0,5,199.0,193.0
Israel,2015,THE,1.0,3,207.0,207.0
Israel,2016,ARWU,1.0,6,221.0,130.0
Israel,2016,QS,1.0,5,210.0,193.0
Israel,2016,THE,1.0,4,292.0,252.0
Israel,2017,ARWU,1.0,5,184.0,117.0
Israel,2017,QS,1.0,5,234.0,214.0
Israel,2017,THE,1.0,4,300.0,261.0
Israel,2018,ARWU,1.0,6,231.0,152.0
Israel,2018,QS,2.0,4,188.0,182.0
Israel,2018,THE,1.0,4,302.0,274.0
Israel,2019,ARWU,1.0,6,227.0,151.0
Israel,2019,QS,1.0,5,247.0,239.0
Israel,2019,THE,1.0,4,303.0,282.0
Israel,2020,ARWU,1.0,6,230.0,149.0
Israel,2020,QS,1.0,5,254.0,227.0
Israel,2020,THE,1.0,3,274.0,217.0
Israel,2021,ARWU,1.0,6,233.0,142.0
Israel,2021,QS,1.0,5,277.0,241.0
Israel,2021,THE,1.0,3,280.0,238.0
Israel,2022,ARWU,1.0,6,221.0,130.0
Israel,2022,QS,1.0,5,348.0,332.0
Israel,2022,THE,1.0,3,338.0,325.0
Italy,2014,ARWU,4.0,19,317.0,329.0
Italy,2014,QS,3.0,14,329.0,355.0
Italy,2014,THE,4.0,15,300.0,297.0
Italy,2015,ARWU,4.0,21,332.0,396.0
Italy,2015,QS,4.0,15,319.0,353.0
Italy,2015,THE,4.0,17,293.0,297.0
Italy,2016,ARWU,4.0,20,340.0,400.0
Italy,2016,QS,3.0,13,341.0,365.0
Italy,2016,THE,7.0,33,364.0,385.0
Italy,2017,ARWU,4.0,19,352.0,396.0
Italy,2017,QS,2.0,12,345.0,369.0
Italy,2017,THE,6.0,30,367.0,388.0
Italy,2018,ARWU,3.0,16,314.0,314.0
Italy,2018,QS,3.0,15,324.0,304.0
Italy,2018,THE,6.0,31,383.0,409.0
Italy,2019,ARWU,3.0,15,316.0,300.0
Italy,2019,QS,2.0,12,313.0,296.0
Italy,2019,THE,6.0,32,372.0,402.0
Italy,2020,ARWU,3.0,16,319.0,305.0
Italy,2020,QS,3.0,13,308.0,312.0
Italy,2020,THE,5.0,27,370.0,398.0
Italy,2021,ARWU,4.0,18,342.0,360.0
Italy,2021,QS,3.0,13,292.0,310.0
Italy,2021,THE,5.0,25,378.0,421.0
Italy,2022,ARWU,4.0,19,335.0,336.0
Italy,2022,QS,3.0,14,351.0,390.0
Italy,2022,THE,5.0,24,360.0,376.0
Jamaica,2022,THE,0.0,1,472.0,472.0
Japan,2014,ARWU,4.0,20,265.0,276.0
Japan,2014,QS,3.0,17,213.0,197.0
Japan,2014,THE,3.0,11,203.0,222.0
Japan,2015,ARWU,4.0,19,278.0,295.0
Japan,2015,QS,4.0,18,226.0,200.0
Japan,2015,THE,3.0,12,235.0,234.0
Japan,2016,ARWU,4.0,18,279.0,278.0
Japan,2016,QS,3.0,15,202.0,171.0
Japan,2016,THE,2.0,11,306.0,308.0
Japan,2017,ARWU,3.0,16,263.0,276.0
Japan,2017,QS,4.0,16,203.0,169.0
Japan,2017,THE,3.0,12,314.0,352.0
Japan,2018,ARWU,4.0,17,269.0,273.0
Japan,2018,QS,4.0,16,197.0,168.0
Japan,2018,THE,2.0,10,296.0,287.0
Japan,2019,ARWU,3.0,16,263.0,260.0
Japan,2019,QS,4.0,17,224.0,205.0
Japan,2019,THE,2.0,12,335.0,362.0
Japan,2020,ARWU,3.0,14,254.0,221.0
Japan,2020,QS,4.0,17,227.0,202.0
Japan,2020,THE,3.0,13,349.0,378.0
Japan,2021,ARWU,3.0,14,253.0,230.0
Japan,2021,QS,3.0,15,195.0,142.0
Japan,2021,THE,2.0,9,293.0,353.0
Japan,2022,ARWU,3.0,12,214.0,192.0
Japan,2022,QS,3.0,16,216.0,174.0
Japan,2022,THE,2.0,8,285.0,328.0
Jordan,2018,QS,0.0,1,465.0,465.0
Jordan,2018,THE,0.0,1,482.0,482.0
Jordan,2019,THE,0.0,1,389.0,389.0
Jordan,2020,THE,0.0,1,385.0,385.0
Jordan,2021,THE,0.0,1,403.0,403.0
Jordan,2022,THE,0.0,1,424.0,424.0
Kazakhstan,2014,QS,1.0,2,310.0,310.0
Kazakhstan,2015,QS,1.0,2,324.0,324.0
Kazakhstan,2016,QS,0.0,2,354.0,354.0
Kazakhstan,2017,QS,1.0,3,377.0,423.0
Kazakhstan,2018,QS,1.0,4,380.0,416.0
Kazakhstan,2019,QS,1.0,5,419.0,478.0
Kazakhstan,2020,QS,0.0,2,320.0,320.0
Kazakhstan,2021,QS,1.0,2,270.0,270.0
Kazakhstan,2022,QS,1.0,3,329.0,329.0
"Korea, Republic of",2014,ARWU,2.0,11,346.0,360.0
"Korea, Republic of",2014,QS,3.0,12,237.0,210.0
"Korea, Republic of",2014,THE,2.0,7,168.0,190.0
"Korea, Republic of",2015,ARWU,2.0,10,306.0,286.0
"Korea, Republic of",2015,QS,3.0,15,272.0,284.0
"Korea, Republic of",2015,THE,2.0,9,204.0,210.0
"Korea, Republic of",2016,ARWU,2.0,12,341.0,350.0
"Korea, Republic of",2016,QS,3.0,13,249.0,223.0
"Korea, Republic of",2016,THE,2.0,11,289.0,312.0
"Korea, Republic of",2017,ARWU,2.0,11,288.0,283.0
"Korea, Republic of",2017,QS,3.0,16,273.0,312.0
"Korea, Republic of",2017,THE,2.0,11,271.0,294.0
"Korea, Republic of",2018,ARWU,2.0,12,321.0,288.0
"Korea, Republic of",2018,QS,3.0,14,245.0,212.0
"Korea, Republic of",2018,THE,2.0,11,254.0,232.0
"Korea, Republic of",2019,ARWU,2.0,10,290.0,291.0
"Korea, Republic of",2019,QS,3.0,15,247.0,275.0
"Korea, Republic of",2019,THE,2.0,10,216.0,204.0
"Korea, Republic of",2020,ARWU,3.0,11,300.0,329.0
"Korea, Republic of",2020,QS,3.0,15,252.0,256.0
"Korea, Republic of",2020,THE,2.0,11,241.0,197.0
"Korea, Republic of",2021,ARWU,2.0,11,311.0,297.0
"Korea, Republic of",2021,QS,3.0,14,229.0,197.0
"Korea, Republic of",2021,THE,3.0,10,193.0,172.0
"Korea, Republic of",2022,ARWU,3.0,11,302.0,300.0
"Korea, Republic of",2022,QS,3.0,16,253.0,240.0
"Korea, Republic of",2022,THE,3.0,10,196.0,183.0
Lebanon,2014,QS,0.0,1,256.0,256.0
Lebanon,2015,QS,0.0,2,371.0,371.0
Lebanon,2016,QS,0.0,2,416.0,416.0
Lebanon,2017,QS,0.0,2,352.0,352.0
Lebanon,2018,QS,0.0,2,382.0,382.0
Lebanon,2019,QS,0.0,1,246.0,246.0
Lebanon,2019,THE,0.0,1,433.0,433.0
Lebanon,2020,QS,0.0,1,253.0,253.0
Lebanon,2020,THE,0.0,1,388.0,388.0
Lebanon,2021,QS,0.0,1,228.0,228.0
Lebanon,2021,THE,0.0,1,331.0,331.0
Lebanon,2022,QS,0.0,1,243.0,243.0
Lebanon,2022,THE,0.0,1,329.0,329.0
Lithuania,2018,QS,0.0,1,470.0,470.0
Lithuania,2019,QS,0.0,1,499.0,499.0
Lithuania,2020,QS,0.0,1,466.0,466.0
Lithuania,2021,QS,0.0,1,436.0,436.0
Lithuania,2022,QS,0.0,1,402.0,402.0
Luxembourg,2016,THE,1.0,1,193.0,193.0
Luxembourg,2017,THE,1.0,1,179.0,179.0
Luxembourg,2018,THE,1.0,1,179.0,179.0
Luxembourg,2019,THE,0.0,1,205.0,205.0
Luxembourg,2020,THE,0.0,1,203.0,203.0
Luxembourg,2021,THE,0.0,1,224.0,224.0
Luxembourg,2022,THE,0.0,1,261.0,261.0
Macao,2015,THE,0.0,1,301.0,301.0
Macao,2016,THE,0.0,1,426.0,426.0
Macao,2017,THE,0.0,1,402.0,402.0
Macao,2018,THE,0.0,1,400.0,400.0
Macao,2019,QS,0.0,1,453.0,453.0
Macao,2019,THE,0.0,1,363.0,363.0
Macao,2020,QS,0.0,1,397.0,397.0
Macao,2020,THE,1.0,2,297.0,297.0
Macao,2021,QS,0.0,1,378.0,378.0
Macao,2021,THE,1.0,2,280.0,280.0
Macao,2022,ARWU,0.0,1,495.0,495.0
Macao,2022,QS,0.0,1,324.0,324.0
Macao,2022,THE,1.0,2,258.0,258.0
Malaysia,2014,ARWU,0.0,1,454.0,454.0
Malaysia,2014,QS,1.0,5,321.0,364.0
Malaysia,2015,ARWU,0.0,2,434.0,434.0
Malaysia,2015,QS,1.0,5,285.0,304.0
Malaysia,2016,ARWU,0.0,2,414.0,414.0
Malaysia,2016,QS,2.0,5,280.0,312.0
Malaysia,2016,THE,0.0,1,482.0,482.0
Malaysia,2017,ARWU,1.0,3,461.0,484.0
Malaysia,2017,QS,1.0,5,289.0,292.0
Malaysia,2018,ARWU,0.0,2,404.0,404.0
Malaysia,2018,QS,2.0,5,221.0,234.0
Malaysia,2018,THE,0.0,1,385.0,385.0
Malaysia,2019,ARWU,0.0,2,392.0,392.0
Malaysia,2019,QS,1.0,6,239.0,212.0
Malaysia,2019,THE,0.0,1,334.0,334.0
Malaysia,2020,ARWU,0.0,1,352.0,352.0
Malaysia,2020,QS,1.0,7,248.0,169.0
Malaysia,2020,THE,0.0,1,324.0,324.0
Malaysia,2021,ARWU,0.0,1,366.0,366.0
Malaysia,2021,QS,2.0,8,240.0,168.0
Malaysia,2021,THE,0.0,1,330.0,330.0
Malaysia,2022,ARWU,0.0,1,374.0,374.0
Malaysia,2022,QS,2.0,8,225.0,170.0
Malaysia,2022,THE,0.0,1,339.0,339.0
Mexico,2014,ARWU,1.0,1,197.0,197.0
Mexico,2014,QS,1.0,2,226.0,226.0
Mexico,2015,ARWU,0.0,1,216.0,216.0
Mexico,2015,QS,1.0,3,307.0,259.0
Mexico,2016,ARWU,0.0,1,227.0,227.0
Mexico,2016,QS,1.0,2,180.0,180.0
Mexico,2016,THE,0.0,1,429.0,429.0
Mexico,2017,ARWU,1.0,1,171.0,171.0
Mexico,2017,QS,1.0,2,166.0,166.0
Mexico,2018,ARWU,0.0,1,247.0,247.0
Mexico,2018,QS,1.0,2,158.0,158.0
Mexico,2019,ARWU,0.0,1,236.0,236.0
Mexico,2019,QS,1.0,2,150.0,150.0
Mexico,2020,ARWU,0.0,1,230.0,230.0
Mexico,2020,QS,1.0,2,133.0,133.0
Mexico,2021,ARWU,0.0,1,249.0,249.0
Mexico,2021,QS,1.0,2,129.0,129.0
Mexico,2022,ARWU,0.0,1,253.0,253.0
Mexico,2022,QS,1.0,2,134.0,134.0
Morocco,2015,THE,0.0,1,334.0,334.0
Netherlands,2014,ARWU,3.0,12,174.0,136.0
Netherlands,2014,QS,3.0,13,145.0,124.0
Netherlands,2014,THE,5.0,13,110.0,98.0
Netherlands,2015,ARWU,3.0,13,193.0,149.0
Netherlands,2015,QS,3.0,13,140.0,120.0
Netherlands,2015,THE,5.0,13,120.0,101.0
Netherlands,2016,ARWU,3.0,12,172.0,137.0
Netherlands,2016,QS,3.0,13,142.0,116.0
Netherlands,2016,THE,6.0,13,105.0,74.0
Netherlands,2017,ARWU,3.0,12,161.0,133.0
Netherlands,2017,QS,3.0,13,150.0,120.0
Netherlands,2017,THE,6.0,13,108.0,86.0
Netherlands,2018,ARWU,4.0,12,155.0,124.0
Netherlands,2018,QS,3.0,13,156.0,121.0
Netherlands,2018,THE,7.0,13,106.0,83.0
Netherlands,2019,ARWU,3.0,11,145.0,115.0
Netherlands,2019,QS,4.0,13,160.0,129.0
Netherlands,2019,THE,6.0,13,112.0,79.0
Netherlands,2020,ARWU,3.0,12,167.0,120.0
Netherlands,2020,QS,3.0,13,167.0,128.0
Netherlands,2020,THE,5.0,13,117.0,76.0
Netherlands,2021,ARWU,3.0,12,176.0,128.0
Netherlands,2021,QS,3.0,13,173.0,132.0
Netherlands,2021,THE,5.0,13,118.0,80.0
Netherlands,2022,ARWU,3.0,12,171.0,127.0
Netherlands,2022,QS,4.0,13,162.0,129.0
Netherlands,2022,THE,6.0,13,117.0,80.0
New Zealand,2014,ARWU,1.0,5,368.0,425.0
New Zealand,2014,QS,2.0,8,314.0,312.0
New Zealand,2014,THE,2.0,5,265.0,289.0
New Zealand,2015,ARWU,1.0,4,359.0,371.0
New Zealand,2015,QS,1.0,6,266.0,265.0
New Zealand,2015,THE,1.0,5,287.0,292.0
New Zealand,2016,ARWU,1.0,2,240.0,240.0
New Zealand,2016,QS,2.0,7,266.0,229.0
New Zealand,2016,THE,1.0,5,315.0,362.0
New Zealand,2017,ARWU,1.0,4,313.0,340.0
New Zealand,2017,QS,2.0,7,270.0,236.0
New Zealand,2017,THE,1.0,7,356.0,383.0
New Zealand,2018,ARWU,1.0,4,347.0,368.0
New Zealand,2018,QS,2.0,7,259.0,225.0
New Zealand,2018,THE,1.0,6,343.0,384.0
New Zealand,2019,ARWU,1.0,4,346.0,374.0
New Zealand,2019,QS,2.0,8,271.0,262.0
New Zealand,2019,THE,1.0,6,330.0,318.0
New Zealand,2020,ARWU,1.0,4,356.0,385.0
New Zealand,2020,QS,2.0,8,264.0,255.0
New Zealand,2020,THE,1.0,4,250.0,242.0
New Zealand,2021,ARWU,1.0,4,380.0,409.0
New Zealand,2021,QS,2.0,8,287.0,280.0
New Zealand,2021,THE,1.0,4,258.0,239.0
New Zealand,2022,ARWU,1.0,4,338.0,360.0
New Zealand,2022,QS,2.0,8,283.0,272.0
New Zealand,2022,THE,1.0,4,264.0,246.0
Nigeria,2020,THE,0.0,1,488.0,488.0
Nigeria,2022,THE,0.0,1,484.0,484.0
Norway,2014,ARWU,1.0,4,261.0,256.0
Norway,2014,QS,1.0,4,204.0,206.0
Norway,2014,THE,1.0,4,256.0,240.0
Norway,2015,ARWU,1.0,3,186.0,235.0
Norway,2015,QS,1.0,4,215.0,205.0
Norway,2015,THE,1.0,4,273.0,256.0
Norway,2016,ARWU,1.0,3,154.0,150.0
Norway,2016,QS,1.0,4,264.0,223.0
Norway,2016,THE,1.0,4,268.0,278.0
Norway,2017,ARWU,1.0,3,158.0,140.0
Norway,2017,QS,1.0,4,240.0,216.0
Norway,2017,THE,1.0,5,283.0,286.0
Norway,2018,ARWU,1.0,3,155.0,142.0
Norway,2018,QS,1.0,4,239.0,208.0
Norway,2018,THE,1.0,5,314.0,290.0
Norway,2019,ARWU,1.0,3,162.0,127.0
Norway,2019,QS,1.0,4,268.0,276.0
Norway,2019,THE,1.0,4,288.0,295.0
Norway,2020,ARWU,1.0,3,175.0,147.0
Norway,2020,QS,1.0,4,264.0,268.0
Norway,2020,THE,1.0,4,298.0,316.0
Norway,2021,ARWU,1.0,3,193.0,128.0
Norway,2021,QS,1.0,4,279.0,286.0
Norway,2021,THE,1.0,4,296.0,305.0
Norway,2022,ARWU,1.0,3,194.0,131.0
Norway,2022,QS,1.0,4,279.0,285.0
Norway,2022,THE,1.0,5,330.0,358.0
Oman,2015,QS,0.0,1,496.0,496.0
Oman,2016,QS,0.0,1,487.0,487.0
Oman,2019,QS,0.0,1,461.0,461.0
Oman,2020,QS,0.0,1,388.0,388.0
Oman,2021,QS,0.0,1,387.0,387.0
Oman,2022,QS,0.0,1,369.0,369.0
Pakistan,2014,QS,0.0,1,469.0,469.0
Pakistan,2015,QS,0.0,1,466.0,466.0
Pakistan,2016,QS,0.0,1,477.0,477.0
Pakistan,2018,QS,0.0,1,452.0,452.0
Pakistan,2018,THE,0.0,1,494.0,494.0
Pakistan,2019,QS,0.0,2,417.0,417.0
Pakistan,2020,QS,0.0,2,398.0,398.0
Pakistan,2020,THE,0.0,1,452.0,452.0
Pakistan,2021,QS,1.0,3,406.0,385.0
Pakistan,2022,ARWU,0.0,1,460.0,460.0
Pakistan,2022,QS,1.0,3,380.0,381.0
"Palestine, State of",2022,THE,0.0,1,454.0,454.0
Peru,2015,QS,0.0,1,432.0,432.0
Peru,2016,QS,0.0,1,407.0,407.0
Peru,2017,QS,0.0,1,419.0,419.0
Peru,2018,QS,0.0,1,383.0,383.0
Peru,2020,QS,0.0,1,486.0,486.0
Peru,2021,QS,0.0,1,446.0,446.0
Peru,2022,QS,0.0,1,397.0,397.0
Philippines,2014,QS,0.0,2,439.0,439.0
Philippines,2015,QS,0.0,2,414.0,414.0
Philippines,2016,QS,1.0,2,334.0,334.0
Philippines,2017,QS,1.0,2,356.0,356.0
Philippines,2018,QS,0.0,2,364.0,364.0
Philippines,2019,QS,0.0,1,393.0,393.0
Philippines,2020,QS,0.0,1,364.0,364.0
Philippines,2020,THE,0.0,1,407.0,407.0
Philippines,2021,QS,0.0,1,409.0,409.0
Philippines,2021,THE,0.0,1,457.0,457.0
Philippines,2022,QS,0.0,1,400.0,400.0
Poland,2014,ARWU,1.0,2,335.0,335.0
Poland,2014,QS,1.0,2,368.0,368.0
Poland,2014,THE,0.0,1,321.0,321.0
Poland,2015,ARWU,1.0,2,380.0,380.0
Poland,2015,QS,1.0,2,362.0,362.0
Poland,2015,THE,0.0,1,343.0,343.0
Poland,2016,ARWU,0.0,2,392.0,392.0
Poland,2016,QS,1.0,2,348.0,348.0
Poland,2017,ARWU,0.0,2,431.0,431.0
Poland,2017,QS,1.0,2,342.0,342.0
Poland,2018,ARWU,0.0,2,377.0,377.0
Poland,2018,QS,0.0,2,383.0,383.0
Poland,2019,ARWU,0.0,2,368.0,368.0
Poland,2019,QS,0.0,2,412.0,412.0
Poland,2020,ARWU,0.0,2,382.0,382.0
Poland,2020,QS,1.0,2,352.0,352.0
Poland,2021,ARWU,0.0,2,433.0,433.0
Poland,2021,QS,1.0,2,338.0,338.0
Poland,2022,ARWU,0.0,2,440.0,440.0
Poland,2022,QS,1.0,2,310.0,310.0
Portugal,2014,ARWU,1.0,4,419.0,422.0
Portugal,2014,QS,1.0,3,361.0,363.0
Portugal,2014,THE,0.0,2,396.0,396.0
Portugal,2015,ARWU,1.0,3,327.0,329.0
Portugal,2015,QS,1.0,3,326.0,320.0
Portugal,2015,THE,1.0,2,372.0,372.0
Portugal,2016,ARWU,1.0,3,335.0,326.0
Portugal,2016,QS,1.0,4,375.0,361.0
Portugal,2016,THE,1.0,5,435.0,432.0
Portugal,2017,ARWU,1.0,5,380.0,464.0
Portugal,2017,QS,1.0,4,344.0,314.0
Portugal,2017,THE,1.0,4,458.0,469.0
Portugal,2018,ARWU,1.0,5,390.0,460.0
Portugal,2018,QS,1.0,4,325.0,320.0
Portugal,2019,ARWU,1.0,4,374.0,408.0
Portugal,2019,QS,1.0,4,384.0,390.0
Portugal,2019,THE,0.0,1,483.0,483.0
Portugal,2020,ARWU,1.0,4,350.0,388.0
Portugal,2020,QS,1.0,4,388.0,388.0
Portugal,2020,THE,0.0,2,426.0,426.0
Portugal,2021,ARWU,1.0,3,331.0,367.0
Portugal,2021,QS,1.0,4,406.0,406.0
Portugal,2021,THE,1.0,3,407.0,397.0
Portugal,2022,ARWU,1.0,3,330.0,303.0
Portugal,2022,QS,1.0,4,386.0,396.0
Portugal,2022,THE,1.0,3,430.0,414.0
Qatar,2015,QS,0.0,1,481.0,481.0
Qatar,2016,QS,0.0,1,451.0,451.0
Qatar,2017,QS,0.0,1,437.0,437.0
Qatar,2018,QS,0.0,1,418.0,418.0
Qatar,2018,THE,0.0,1,433.0,433.0
Qatar,2019,QS,0.0,1,342.0,342.0
Qatar,2019,THE,0.0,1,431.0,431.0
Qatar,2020,QS,0.0,1,284.0,284.0
Qatar,2020,THE,0.0,1,409.0,409.0
Qatar,2021,QS,0.0,1,254.0,254.0
Qatar,2021,THE,0.0,1,319.0,319.0
Qatar,2022,QS,0.0,1,225.0,225.0
Qatar,2022,THE,0.0,1,336.0,336.0
Russian Federation,2014,ARWU,1.0,2,236.0,236.0
Russian Federation,2014,QS,2.0,8,358.0,378.0
Russian Federation,2014,THE,0.0,1,229.0,229.0
Russian Federation,2015,ARWU,1.0,2,234.0,234.0
Russian Federation,2015,QS,2.0,10,377.0,430.0
Russian Federation,2015,THE,1.0,2,250.0,250.0
Russian Federation,2016,ARWU,1.0,2,224.0,224.0
Russian Federation,2016,QS,2.0,12,389.0,434.0
Russian Federation,2016,THE,2.0,7,310.0,282.0
Russian Federation,2017,ARWU,1.0,3,305.0,349.0
Russian Federation,2017,QS,3.0,12,363.0,394.0
Russian Federation,2017,THE,2.0,8,388.0,407.0
Russian Federation,2018,ARWU,1.0,3,309.0,355.0
Russian Federation,2018,QS,3.0,13,356.0,389.0
Russian Federation,2018,THE,2.0,8,372.0,397.0
Russian Federation,2019,ARWU,1.0,4,342.0,406.0
Russian Federation,2019,QS,3.0,15,345.0,352.0
Russian Federation,2019,THE,1.0,4,286.0,280.0
Russian Federation,2020,ARWU,1.0,4,349.0,422.0
Russian Federation,2020,QS,3.0,16,338.0,355.0
Russian Federation,2020,THE,1.0,5,328.0,252.0
Russian Federation,2021,ARWU,1.0,3,300.0,315.0
Russian Federation,2021,QS,4.0,16,318.0,333.0
Russian Federation,2021,THE,1.0,6,325.0,316.0
Russian Federation,2022,ARWU,1.0,2,210.0,210.0
Russian Federation,2022,QS,3.0,17,326.0,320.0
Russian Federation,2022,THE,1.0,6,336.0,330.0
Saudi Arabia,2014,ARWU,1.0,4,317.0,307.0
Saudi Arabia,2014,QS,1.0,5,306.0,260.0
Saudi Arabia,2014,THE,1.0,2,380.0,380.0
Saudi Arabia,2015,ARWU,1.0,4,307.0,305.0
Saudi Arabia,2015,QS,1.0,6,330.0,298.0
Saudi Arabia,2016,ARWU,1.0,4,276.0,266.0
Saudi Arabia,2016,QS,1.0,6,310.0,266.0
Saudi Arabia,2016,THE,0.0,1,278.0,278.0
Saudi Arabia,2017,ARWU,1.0,4,225.0,200.0
Saudi Arabia,2017,QS,1.0,5,272.0,240.0
Saudi Arabia,2017,THE,0.0,2,356.0,356.0
Saudi Arabia,2018,ARWU,1.0,4,240.0,193.0
Saudi Arabia,2018,QS,1.0,5,261.0,232.0
Saudi Arabia,2018,THE,0.0,1,229.0,229.0
Saudi Arabia,2019,ARWU,1.0,4,229.0,193.0
Saudi Arabia,2019,QS,1.0,5,255.0,240.0
Saudi Arabia,2019,THE,1.0,2,272.0,272.0
Saudi Arabia,2020,ARWU,1.0,4,253.0,223.0
Saudi Arabia,2020,QS,1.0,4,201.0,199.0
Saudi Arabia,2020,THE,1.0,2,240.0,240.0
Saudi Arabia,2021,ARWU,1.0,4,271.0,233.0
Saudi Arabia,2021,QS,1.0,5,247.0,190.0
Saudi Arabia,2021,THE,1.0,3,300.0,253.0
Saudi Arabia,2022,ARWU,1.0,4,248.0,194.0
Saudi Arabia,2022,QS,1.0,4,251.0,222.0
Saudi Arabia,2022,THE,1.0,6,340.0,366.0
Serbia,2014,ARWU,0.0,1,369.0,369.0
Serbia,2015,ARWU,0.0,1,371.0,371.0
Serbia,2016,ARWU,0.0,1,387.0,387.0
Serbia,2017,ARWU,0.0,1,300.0,300.0
Serbia,2018,ARWU,0.0,1,283.0,283.0
Serbia,2019,ARWU,0.0,1,302.0,302.0
Serbia,2020,ARWU,0.0,1,428.0,428.0
Serbia,2021,ARWU,0.0,1,464.0,464.0
Serbia,2022,THE,0.0,1,495.0,495.0
Singapore,2014,ARWU,1.0,2,200.0,200.0
Singapore,2014,QS,5.0,2,32.0,32.0
Singapore,2014,THE,3.0,2,51.0,51.0
Singapore,2015,ARWU,1.0,2,150.0,150.0
Singapore,2015,QS,5.0,2,30.0,30.0
Singapore,2015,THE,3.0,2,44.0,44.0
Singapore,2016,ARWU,1.0,2,149.0,149.0
Singapore,2016,QS,1.0,3,127.0,13.0
Singapore,2016,THE,4.0,2,40.0,40.0
Singapore,2017,ARWU,2.0,2,103.0,103.0
Singapore,2017,QS,1.0,3,157.0,13.0
Singapore,2017,THE,4.0,2,39.0,39.0
Singapore,2018,ARWU,2.0,2,101.0,101.0
Singapore,2018,QS,13.0,2,13.0,13.0
Singapore,2018,THE,4.0,2,37.0,37.0
Singapore,2019,ARWU,2.0,2,90.0,90.0
Singapore,2019,QS,17.0,2,12.0,12.0
Singapore,2019,THE,4.0,2,37.0,37.0
Singapore,2020,ARWU,3.0,2,70.0,70.0
Singapore,2020,QS,1.0,3,170.0,12.0
Singapore,2020,THE,4.0,2,37.0,37.0
Singapore,2021,ARWU,2.0,2,86.0,86.0
Singapore,2021,QS,15.0,2,12.0,12.0
Singapore,2021,THE,4.0,2,36.0,36.0
Singapore,2022,ARWU,2.0,2,78.0,78.0
Singapore,2022,QS,17.0,2,12.0,12.0
Singapore,2022,THE,4.0,2,34.0,34.0
Slovenia,2014,ARWU,0.0,1,488.0,488.0
Slovenia,2015,ARWU,0.0,1,485.0,485.0
Slovenia,2016,ARWU,0.0,1,464.0,464.0
Slovenia,2017,ARWU,0.0,1,461.0,461.0
Slovenia,2018,ARWU,0.0,1,495.0,495.0
Slovenia,2019,ARWU,0.0,1,500.0,500.0
South Africa,2014,ARWU,1.0,3,332.0,314.0
South Africa,2014,QS,1.0,4,323.0,360.0
South Africa,2014,THE,1.0,3,227.0,251.0
South Africa,2015,ARWU,1.0,4,351.0,346.0
South Africa,2015,QS,1.0,4,329.0,362.0
South Africa,2015,THE,1.0,3,230.0,263.0
South Africa,2016,ARWU,1.0,4,335.0,328.0
South Africa,2016,QS,1.0,4,316.0,309.0
South Africa,2016,THE,1.0,4,281.0,270.0
South Africa,2017,ARWU,1.0,4,336.0,323.0
South Africa,2017,QS,1.0,4,341.0,349.0
South Africa,2017,THE,1.0,3,256.0,186.0
South Africa,2018,ARWU,1.0,5,381.0,416.0
South Africa,2018,QS,1.0,4,320.0,322.0
South Africa,2018,THE,1.0,4,322.0,332.0
South Africa,2019,ARWU,1.0,4,350.0,363.0
South Africa,2019,QS,1.0,3,338.0,391.0
South Africa,2019,THE,1.0,4,290.0,276.0
South Africa,2020,ARWU,1.0,5,374.0,409.0
South Africa,2020,QS,1.0,3,350.0,410.0
South Africa,2020,THE,1.0,4,259.0,247.0
South Africa,2021,ARWU,1.0,4,379.0,377.0
South Africa,2021,QS,1.0,4,392.0,436.0
South Africa,2021,THE,1.0,5,295.0,287.0
South Africa,2022,ARWU,1.0,4,378.0,380.0
South Africa,2022,QS,1.0,4,392.0,430.0
South Africa,2022,THE,1.0,5,312.0,269.0
Spain,2014,ARWU,2.0,10,332.0,330.0
Spain,2014,QS,3.0,14,331.0,340.0
Spain,2014,THE,2.0,9,318.0,361.0
Spain,2015,ARWU,3.0,12,336.0,322.0
Spain,2015,QS,2.0,11,303.0,306.0
Spain,2015,THE,2.0,6,277.0,286.0
Spain,2016,ARWU,3.0,13,350.0,346.0
Spain,2016,QS,2.0,9,277.0,256.0
Spain,2016,THE,2.0,9,333.0,343.0
Spain,2017,ARWU,2.0,12,345.0,334.0
Spain,2017,QS,3.0,8,240.0,256.0
Spain,2017,THE,1.0,7,307.0,345.0
Spain,2018,ARWU,2.0,11,343.0,331.0
Spain,2018,QS,2.0,10,287.0,266.0
Spain,2018,THE,1.0,7,307.0,318.0
Spain,2019,ARWU,2.0,10,317.0,306.0
Spain,2019,QS,2.0,12,298.0,274.0
Spain,2019,THE,2.0,8,313.0,320.0
Spain,2020,ARWU,3.0,13,359.0,361.0
Spain,2020,QS,3.0,12,293.0,300.0
Spain,2020,THE,1.0,6,259.0,242.0
Spain,2021,ARWU,3.0,13,351.0,357.0
Spain,2021,QS,2.0,11,289.0,298.0
Spain,2021,THE,1.0,7,304.0,281.0
Spain,2022,ARWU,2.0,12,351.0,356.0
Spain,2022,QS,2.0,12,304.0,293.0
Spain,2022,THE,2.0,8,319.0,282.0
Sri Lanka,2020,THE,0.0,1,424.0,424.0
Sri Lanka,2021,THE,0.0,1,461.0,461.0
Sri Lanka,2022,THE,0.0,1,469.0,469.0
Sweden,2014,ARWU,3.0,11,217.0,208.0
Sweden,2014,QS,2.0,10,200.0,190.0
Sweden,2014,THE,3.0,10,188.0,174.0
Sweden,2015,ARWU,3.0,11,211.0,230.0
Sweden,2015,QS,2.0,10,192.0,182.0
Sweden,2015,THE,3.0,10,200.0,184.0
Sweden,2016,ARWU,3.0,11,212.0,220.0
Sweden,2016,QS,2.0,10,213.0,166.0
Sweden,2016,THE,3.0,11,190.0,180.0
Sweden,2017,ARWU,3.0,11,212.0,237.0
Sweden,2017,QS,3.0,10,206.0,183.0
Sweden,2017,THE,3.0,11,203.0,172.0
Sweden,2018,ARWU,3.0,11,214.0,246.0
Sweden,2018,QS,2.0,10,205.0,186.0
Sweden,2018,THE,3.0,11,209.0,199.0
Sweden,2019,ARWU,2.0,11,226.0,232.0
Sweden,2019,QS,3.0,9,188.0,133.0
Sweden,2019,THE,3.0,11,216.0,203.0
Sweden,2020,ARWU,2.0,11,237.0,246.0
Sweden,2020,QS,3.0,9,184.0,127.0
Sweden,2020,THE,3.0,11,230.0,223.0
Sweden,2021,ARWU,3.0,11,233.0,212.0
Sweden,2021,QS,2.0,9,186.0,141.0
Sweden,2021,THE,3.0,11,239.0,237.0
Sweden,2022,ARWU,2.0,11,246.0,279.0
Sweden,2022,QS,2.0,8,182.0,137.0
Sweden,2022,THE,3.0,11,237.0,251.0
Switzerland,2014,ARWU,3.0,7,104.0,83.0
Switzerland,2014,QS,2.0,8,126.0,96.0
Switzerland,2014,THE,3.0,8,119.0,122.0
Switzerland,2015,ARWU,4.0,7,97.0,91.0
Switzerland,2015,QS,2.0,8,128.0,96.0
Switzerland,2015,THE,3.0,8,110.0,106.0
Switzerland,2016,ARWU,3.0,7,99.0,88.0
Switzerland,2016,QS,3.0,8,124.0,121.0
Switzerland,2016,THE,2.0,10,171.0,128.0
Switzerland,2017,ARWU,2.0,8,130.0,98.0
Switzerland,2017,QS,3.0,8,120.0,116.0
Switzerland,2017,THE,2.0,10,183.0,124.0
Switzerland,2018,ARWU,2.0,8,124.0,86.0
Switzerland,2018,QS,2.0,8,125.0,118.0
Switzerland,2018,THE,2.0,10,183.0,134.0
Switzerland,2019,ARWU,2.0,8,119.0,90.0
Switzerland,2019,QS,2.0,8,133.0,126.0
Switzerland,2019,THE,2.0,9,146.0,110.0
Switzerland,2020,ARWU,2.0,8,127.0,83.0
Switzerland,2020,QS,2.0,8,132.0,118.0
Switzerland,2020,THE,2.0,10,178.0,128.0
Switzerland,2021,ARWU,2.0,8,127.0,86.0
Switzerland,2021,QS,2.0,9,151.0,117.0
Switzerland,2021,THE,2.0,11,203.0,150.0
Switzerland,2022,ARWU,5.0,7,82.0,88.0
Switzerland,2022,QS,2.0,9,149.0,120.0
Switzerland,2022,THE,2.0,10,181.0,140.0
"Taiwan, Province of China",2014,ARWU,2.0,9,361.0,387.0
"Taiwan, Province of China",2014,QS,2.0,10,329.0,339.0
"Taiwan, Province of China",2014,THE,2.0,8,305.0,332.0
"Taiwan, Province of China",2015,ARWU,2.0,7,336.0,326.0
"Taiwan, Province of China",2015,QS,2.0,12,325.0,383.0
"Taiwan, Province of China",2015,THE,2.0,6,300.0,318.0
"Taiwan, Province of China",2016,ARWU,2.0,7,337.0,356.0
"Taiwan, Province of China",2016,QS,2.0,12,311.0,345.0
"Taiwan, Province of China",2016,THE,1.0,7,358.0,340.0
"Taiwan, Province of China",2017,ARWU,1.0,7,358.0,385.0
"Taiwan, Province of China",2017,QS,2.0,9,258.0,250.0
"Taiwan, Province of China",2017,THE,1.0,5,360.0,410.0
"Taiwan, Province of China",2018,ARWU,2.0,7,332.0,382.0
"Taiwan, Province of China",2018,QS,2.0,11,289.0,300.0
"Taiwan, Province of China",2018,THE,1.0,4,351.0,374.0
"Taiwan, Province of China",2019,ARWU,1.0,6,347.0,393.0
"Taiwan, Province of China",2019,QS,3.0,11,294.0,302.0
"Taiwan, Province of China",2019,THE,1.0,3,360.0,426.0
"Taiwan, Province of China",2020,ARWU,1.0,3,301.0,307.0
"Taiwan, Province of China",2020,QS,2.0,11,305.0,298.0
"Taiwan, Province of China",2020,THE,1.0,3,285.0,366.0
"Taiwan, Province of China",2021,ARWU,1.0,5,342.0,388.0
"Taiwan, Province of China",2021,QS,2.0,10,297.0,292.0
"Taiwan, Province of China",2021,THE,1.0,5,336.0,367.0
"Taiwan, Province of China",2022,ARWU,1.0,6,366.0,420.0
"Taiwan, Province of China",2022,QS,2.0,10,320.0,326.0
"Taiwan, Province of China",2022,THE,1.0,5,271.0,305.0
Thailand,2014,QS,1.0,2,267.0,267.0
Thailand,2014,THE,0.0,1,350.0,350.0
Thailand,2015,QS,1.0,3,336.0,263.0
Thailand,2015,THE,0.0,1,377.0,377.0
Thailand,2016,QS,1.0,2,293.0,293.0
Thailand,2017,QS,1.0,2,288.0,288.0
Thailand,2018,ARWU,0.0,1,487.0,487.0
Thailand,2018,QS,1.0,2,306.0,306.0
Thailand,2019,QS,1.0,2,334.0,334.0
Thailand,2020,ARWU,0.0,1,482.0,482.0
Thailand,2020,QS,1.0,2,292.0,292.0
Thailand,2021,ARWU,0.0,1,422.0,422.0
Thailand,2021,QS,1.0,2,238.0,238.0
Thailand,2022,ARWU,0.0,1,452.0,452.0
Thailand,2022,QS,1.0,2,236.0,236.0
Turkey,2014,ARWU,0.0,1,407.0,407.0
Turkey,2014,QS,0.0,1,415.0,415.0
Turkey,2014,THE,2.0,5,235.0,226.0
Turkey,2015,ARWU,0.0,1,402.0,402.0
Turkey,2015,QS,1.0,3,417.0,412.0
Turkey,2015,THE,2.0,6,187.0,175.0
Turkey,2016,ARWU,0.0,1,418.0,418.0
Turkey,2016,QS,0.0,2,390.0,390.0
Turkey,2016,THE,1.0,4,377.0,376.0
Turkey,2017,ARWU,0.0,1,403.0,403.0
Turkey,2017,QS,1.0,3,403.0,376.0
Turkey,2017,THE,1.0,5,388.0,387.0
Turkey,2018,ARWU,0.0,1,414.0,414.0
Turkey,2018,QS,1.0,2,384.0,384.0
Turkey,2018,THE,1.0,4,407.0,393.0
Turkey,2019,ARWU,0.0,1,439.0,439.0
Turkey,2019,QS,0.0,2,464.0,464.0
Turkey,2019,THE,0.0,2,416.0,416.0
Turkey,2020,ARWU,0.0,1,441.0,441.0
Turkey,2020,QS,0.0,1,459.0,459.0
Turkey,2020,THE,0.0,2,422.0,422.0
Turkey,2021,ARWU,0.0,1,447.0,447.0
Turkey,2021,QS,0.0,1,478.0,478.0
Turkey,2021,THE,0.0,2,458.0,458.0
Turkey,2022,ARWU,0.0,1,441.0,441.0
Turkey,2022,THE,0.0,1,415.0,415.0
Uganda,2016,THE,0.0,1,408.0,408.0
Uganda,2017,THE,0.0,1,425.0,425.0
Uganda,2018,THE,0.0,1,462.0,462.0
Uganda,2021,THE,0.0,1,492.0,492.0
Ukraine,2014,QS,0.0,1,490.0,490.0
Ukraine,2015,QS,0.0,1,448.0,448.0
Ukraine,2016,QS,0.0,2,394.0,394.0
Ukraine,2017,QS,0.0,2,384.0,384.0
Ukraine,2018,QS,0.0,2,401.0,401.0
Ukraine,2019,QS,0.0,1,493.0,493.0
Ukraine,2021,QS,0.0,1,495.0,495.0
United Arab Emirates,2014,QS,0.0,1,456.0,456.0
United Arab Emirates,2015,QS,1.0,3,409.0,400.0
United Arab Emirates,2016,QS,0.0,1,399.0,399.0
United Arab Emirates,2017,QS,0.0,1,391.0,391.0
United Arab Emirates,2018,QS,0.0,2,456.0,456.0
United Arab Emirates,2018,THE,0.0,1,330.0,330.0
United Arab Emirates,2019,QS,1.0,3,357.0,359.0
United Arab Emirates,2019,THE,1.0,2,356.0,356.0
United Arab Emirates,2020,QS,1.0,3,331.0,337.0
United Arab Emirates,2020,THE,1.0,2,338.0,338.0
United Arab Emirates,2021,QS,1.0,3,290.0,293.0
United Arab Emirates,2021,THE,1.0,2,359.0,359.0
United Arab Emirates,2022,QS,1.0,3,286.0,290.0
United Arab Emirates,2022,THE,1.0,3,394.0,404.0
United Kingdom,2014,ARWU,7.0,37,196.0,186.0
United Kingdom,2014,QS,11.0,50,184.0,166.0
United Kingdom,2014,THE,13.0,49,184.0,163.0
United Kingdom,2015,ARWU,8.0,38,204.0,192.0
United Kingdom,2015,QS,11.0,47,170.0,139.0
United Kingdom,2015,THE,11.0,45,172.0,154.0
United Kingdom,2016,ARWU,8.0,37,197.0,163.0
United Kingdom,2016,QS,11.0,53,188.0,145.0
United Kingdom,2016,THE,12.0,58,221.0,178.0
United Kingdom,2017,ARWU,8.0,37,202.0,179.0
United Kingdom,2017,QS,10.0,51,196.0,158.0
United Kingdom,2017,THE,12.0,58,220.0,186.0
United Kingdom,2018,ARWU,8.0,38,202.0,173.0
United Kingdom,2018,QS,10.0,52,205.0,156.0
United Kingdom,2018,THE,12.0,59,225.0,188.0
United Kingdom,2019,ARWU,8.0,39,213.0,182.0
United Kingdom,2019,QS,12.0,53,195.0,164.0
United Kingdom,2019,THE,12.0,58,230.0,200.0
United Kingdom,2020,ARWU,7.0,36,199.0,176.0
United Kingdom,2020,QS,10.0,52,204.0,180.0
United Kingdom,2020,THE,12.0,58,233.0,204.0
United Kingdom,2021,ARWU,9.0,35,186.0,157.0
United Kingdom,2021,QS,10.0,52,211.0,196.0
United Kingdom,2021,THE,12.0,59,242.0,230.0
United Kingdom,2022,ARWU,8.0,38,217.0,181.0
United Kingdom,2022,QS,10.0,49,201.0,168.0
United Kingdom,2022,THE,12.0,58,234.0,214.0
United States,2014,ARWU,30.0,149,195.0,172.0
United States,2014,QS,21.0,104,225.0,201.0
United States,2014,THE,28.0,109,153.0,135.0
United States,2015,ARWU,30.0,146,202.0,178.0
United States,2015,QS,19.0,97,216.0,192.0
United States,2015,THE,28.0,108,156.0,142.0
United States,2016,ARWU,30.0,146,204.0,185.0
United States,2016,QS,19.0,93,215.0,172.0
United States,2016,THE,25.0,122,201.0,190.0
United States,2017,ARWU,28.0,137,199.0,186.0
United States,2017,QS,19.0,95,219.0,182.0
United States,2017,THE,24.0,120,198.0,184.0
United States,2018,ARWU,27.0,135,199.0,188.0
United States,2018,QS,18.0,89,213.0,182.0
United States,2018,THE,25.0,125,209.0,202.0
United States,2019,ARWU,28.0,139,213.0,207.0
United States,2019,QS,19.0,93,216.0,196.0
United States,2019,THE,25.0,123,211.0,216.0
United States,2020,ARWU,28.0,137,214.0,215.0
United States,2020,QS,18.0,90,216.0,200.0
United States,2020,THE,24.0,121,212.0,210.0
United States,2021,ARWU,27.0,133,212.0,204.0
United States,2021,QS,17.0,86,211.0,172.0
United States,2021,THE,24.0,117,208.0,197.0
United States,2022,ARWU,26.0,129,211.0,205.0
United States,2022,QS,17.0,87,216.0,187.0
United States,2022,THE,22.0,109,204.0,184.0
Uruguay,2021,QS,0.0,1,477.0,477.0
Uruguay,2022,QS,0.0,2,470.0,470.0
"Venezuela, Bolivarian Republic of",2015,QS,0.0,2,458.0,458.0
"Venezuela, Bolivarian Republic of",2016,QS,0.0,1,445.0,445.0
"Venezuela, Bolivarian Republic of",2017,QS,0.0,1,474.0,474.0
"Venezuela, Bolivarian Republic of",2018,QS,0.0,1,499.0,499.0
Viet Nam,2022,THE,0.0,2,439.0,439.0
